nodes,edges,avg_in_degree,density
3311,7159,2.1621866505587435,0.0006532285953349679
